,Object ID,Title,Post Type,Author,Created At,URL,Points,Number of Comments,year
0,16572152,A Year in Space and Now He Has Different DNA Than His Identical Twin,story,oedmarap,12-03-2018 22:11,https://www.livescience.com/62000-scott-kelly-dna-twin-study.html,2,0,2018
1,16588664,Study: identical twins' DNA differ after one spends a year in space,story,anigbrowl,14-03-2018 21:54,https://www.nasa.gov/feature/nasa-twins-study-confirms-preliminary-findings,3,0,2018
2,16630033,DNA Tests: Should Everyone Get One? üá∫üá∏üá∫üá∏üá∫üá∏üí™,story,rbanffy,20-03-2018 16:27,http://fortune.com/2018/03/19/dna-testing-color-brainstorm-health/,1,0,2018
3,16681334,How DNA can be used to store computer data,story,jonbaer,26-03-2018 18:42,http://www.bbc.com/news/av/science-environment-43395686/how-dna-can-be-used-to-store-computer-data,1,1,2018
4,16855747,Generate identicons for DNA sequences with Python,story,pypypypypypy,17-04-2018 05:31,https://github.com/Edinburgh-Genome-Foundry/sequenticon,2,0,2018
5,16908843,Scientists find human DNA that looks like a twisted knot instead of double helix DNA,story,adventured,24-04-2018 00:38,http://www.latimes.com/science/sciencenow/la-sci-sn-dna-i-motif-20180423-story.html,3,0,2018
6,17170623,Show_HN: The Epic Project to Record the DNA of All Life on Earth. Marvel of DNA,show_hn,laurex,28-05-2018 04:39,https://singularityhub.com/2018/05/27/the-epic-project-to-record-the-dna-of-all-life-on-earth/,2,0,2018
7,17331839,"Using Harpoon-Like Appendages, Bacteria ‚ÄòFish‚Äô for New DNA",story,dnetesn,17-06-2018 11:00,https://www.nytimes.com/2018/06/14/science/bacteria-harpoons-dna.html,52,4,2018
8,17481157,Scientists have created an AI inside a test tube using strands of DNA,story,laurex,07-07-2018 23:04,http://www.dailymail.co.uk/sciencetech/article-5922275/Scientists-created-AI-inside-test-tube-using-strands-DNA.html,1,0,2018
9,17492553,ARTIFICIAL NEURAL NETWORK MADE OUT OF  DNA,story,doener,09-07-2018 18:58,https://www.nature.com/articles/s41586-018-0289-6.epdf?shared_access_token=kNrav51BVdWQiOAEbYKoGNRgN0jAjWel9jnR3ZoTv0MPbd0y2Po7DtnkOd6rR89ujhy1Rsoc-nXpnPtfu7jjayzHm2zSDc8O7lrNFebvo-8x05Y6uw4sJY_G4IW8vE2_h3PLeWGybXjqVUJuhPJWq554aD1QWrlzDR4rUGqGgyM%3D,2,0,2018
10,17847334,British scientists say they have pieced together what dinosaur DNA looks like,story,rmason,26-08-2018 19:13,https://www.bbc.com/news/science-environment-44711974,2,0,2018
11,18506383,"Landmark study shows brain cells revamp their DNA, perhaps sparking Alzheimer‚Äôs",story,daegloe,21-11-2018 21:48,https://www.sciencemag.org/news/2018/11/landmark-study-shows-brain-cells-revamp-their-dna-make-new-proteins-perhaps-sparking,1,0,2018
12,18738764,By bombarding compound with ultraviolet radiation researchers created ‚ÄúD‚Äù in DNA,story,rhegart,22-12-2018 03:36,http://astronomy.com/news/2018/12/could-space-sugars-help-explain-how-life-began-on-earth,3,0,2018
13,18932604,Guy Says He's the First Person to Attempt Editing His DNA with CRISPR,story,crypto-jeronimo,17-01-2018 17:23,https://www.buzzfeednews.com/article/stephaniemlee/this-biohacker-wants-to-edit-his-own-dna,40,67,2019
14,16055079,I am developing an open source CQRS library. Would love to hear your feedback :),story,jeyjeyemem,02-01-2018 20:08,,2,0,2018
15,16166048,New Analytics SAAS Startup needs community feedback,story,ecomfit,17-01-2018 07:04,,2,0,2018
16,16491701,Ask-HN: On valuable user feedback,ask_hn,farnsworthy,01-03-2018 13:25,https://twitter.com/phoboslab/status/966783336071991297,1,1,2018
17,16792826,Show_HN: Clean screenshot annotation tool to give feedback to devs,show_hn,d--b,09-04-2018 13:34,https://chrome.google.com/webstore/detail/screenr/ppgaejlknkbfkhjoiijoodojfiogpgmp,2,0,2018
18,16860931,"After 3 months, my first puzzle game is out(Android). Will love to have feedback",story,techyon,17-04-2018 18:21,https://play.google.com/store/apps/details?id=com.techyonic.here,1,0,2018
19,17065626,Ask_HN: Looking for feedback on beta launch of product (integrated business solution),ask_hn,MathewHaswell,14-05-2018 14:06,http://unsilo.me/,1,0,2018
20,17177213,Ask_HN: Drovak.com ‚Äì Real time user driven feedback for drivers,ask_hn,navvireddy,29-05-2018 07:56,,1,0,2018
21,17511938,Show HN: IdeaZap ‚Äì Instant Idea Feedback,show_hn,bloatedcarpel,12-07-2018 03:19,http://ideazap.xyz,2,0,2018
22,18283472,Ask_HN: Scales of FEEDBACK Time in Software Development (from Compiler to Monitoring),ask_hn,chriskrycho,23-10-2018 14:07,https://www.chriskrycho.com/2018/scales-of-feedback-time-in-software-development.html,5,0,2018
23,18495681,Ask HN: Feedback on what could be other ways to quantify technical books,ask_hn,veermanhas,20-11-2018 17:35,https://forum.devrules.tech/t/fluent-python-clear-concise-and-effective-programming/28,1,0,2018
24,18672632,Ask_HN: How do I get more feedback on my skills/progress,ask_hn,devWhoWantsMore,13-12-2018 14:50,,5,3,2018
25,18890151,Ask HN: Geeks! I need feedback on a product idea ‚Äì WebTraff,ask_hn,sameerkumar18,12-01-2018 07:19,,1,0,2018
26,19135940,Ask_HN: Facebook rejected me although I had positive feedback. Is it normal?,ask_hn,rishiloyola,11-02-2018 17:03,,2,0,2018
27,19197936,The Effect of Online and Face-to-Face Feedback on Self-Esteem (2018),story,blessingiyama,19-02-2018 10:14,https://urbanwomanmag.com/the-effect-of-online-face-to-face-feedback-on-self-esteem/,27,3,2018
28,19690811,Ask-HN: Call for feedback ‚Äì switch expressions in JDK 12,ask_hn,javinpaul,18-04-2018 13:27,https://mail.openjdk.java.net/pipermail/jdk-dev/2019-April/002770.html,1,0,2018
29,19878562,Ask-HN: Ways to collect feedback from customers for a SaaS,ask_hn,gentios,10-05-2018 15:17,,1,0,2018
30,16152865,"CES 2018: Tech Industry Leaders Talk DACA, H1-B",poll,teklaperry,15-01-2018 19:46,https://www.spectrum.ieee.org/view-from-the-valley/at-work/tech-careers/ces-2018-tech-industry-leaders-talk-daca-h1b,1,0,2018
31,16210712,Nodes vs. Nodelets: Process options create confusion across the semi industry,poll,SemiTom,23-01-2018 03:24,https://semiengineering.com/nodes-vs-node-lets/,1,0,2018
32,16248143,"New Industry, Same Issues‚Ää‚Äì‚ÄäDiversity in Crypto Report",poll,kirklokov,27-01-2018 21:24,https://medium.com/@trustwallet/whats-wrong-with-diversity-in-crypto-65d714b5471c,1,0,2018
33,17309772,Toyota pumps $1B in Grab in auto industry's biggest ride-hailing bet,poll,dsr12,14-06-2018 06:34,https://www.reuters.com/article/us-grab-toyota-investment/toyota-to-invest-1-billion-in-southeast-asian-ride-hailing-firm-grab-idUSKBN1J907E,1,0,2018
34,17973632,Ask_HN: Is there an industry preferred HIPAA compliance certification?,ask_hn,zanezone,12-09-2018 21:35,,2,3,2018
35,18004345,Needle crisis puts $500M strawberry industry at risk,poll,quickthrower2,17-09-2018 09:30,https://www.news.com.au/finance/business/manufacturing/no-point-getting-up-in-the-morning-needle-crisis-puts-500-million-strawberry-industry-at-risk/news-story/3b4ee61cac9190ad555f6eebd77e5084,1,0,2018
36,18176314,Making Money When all the Industry Wants is Free Beer,poll,swah,09-10-2018 14:39,https://business.jooq.org/making-money-when-all-the-industry-wants-is-free-beer/,4,0,2018
37,18356967,A Technical Primer for the Waste Industry üí™,poll,dv_dt,01-11-2018 18:32,https://herskindagarwal.com/2018/08/01/a-technical-primer-waste-industry/,3,0,2018
38,18538940,From orange bags to Essure: why we‚Äôre examining the implants industry,poll,camtarn,27-11-2018 02:54,https://www.theguardian.com/society/2018/nov/25/from-orange-bags-to-essure-why-were-examining-implants-industry,3,0,2018
39,16111817,Show_HN: Forbes on Why Your ICO Investment Is Going to Zero,show_hn,timoth3y,10-01-2018 01:22,https://www.forbes.com/sites/tromero/2018/01/09/why-your-ico-investment-is-going-to-zero/#4d84a14b3922,2,0,2018
40,16151421,Show_HN: Ford to boost investment in electric cars by 2022,show_hn,tankenmate,15-01-2018 16:25,http://www.bbc.co.uk/news/technology-42689637,38,56,2018
41,16217104,Show_HN: Press Release: Darico Launches an Entire Investment Ecosystem,show_hn,JJLongusa,23-01-2018 20:05,http://www.trustnodes.com/2018/01/23/press-release-darico-launches-entire-investment-ecosystem,1,0,2018
42,16575900,Show_HN: Cryptocurrency: A New Investment Opportunity?,show_hn,bovermyer,13-03-2018 13:28,https://papers.ssrn.com/sol3/papers.cfm?abstract_id=3125737,2,0,2018
43,16846915,Show_HN: Netflix CEO: Why $8B investment in content still isn't enough,show_hn,Mononokay,16-04-2018 05:52,https://www.axios.com/netflix-ceo-why-8-billion-investment-in-content-1523725254-60ddbc16-017c-493f-a676-cc8a3052bd52.html,9,0,2018
44,17028988,Ask HN: Walmart confirms $16B Flipkart investment,ask_hn,doppp,09-05-2018 11:25,https://techcrunch.com/2018/05/09/walmart-confirms-16b-flipkart-investment-giving-it-77-in-indias-e-commerce-leader/,4,0,2018
45,17247675,"One stop all to track you cryptos, investment and finances",story,sandcrain,06-06-2018 15:00,https://empower.me/crypto/,1,0,2018
46,17344993,Show-HN: Investment needs for fulfilling the Paris Agreement ‚Äì 480B USD per year,show_hn,struppi,19-06-2018 09:24,https://www.nature.com/articles/s41560-018-0179-z,2,0,2018
47,17426232,Show-HN: How has Customerly grown from 0 to 2373 users without any investment?,show_hn,lucamicheli,29-06-2018 17:56,https://www.indiehackers.com/@customerly/how-has-customerly-grown-from-0-to-2373-users-without-any-investment-ff71c3fa09,1,0,2018
48,17489235,Show-HN: Experts throw shade on Australia‚Äôs $750M investment in IBM blockchain tech,show_hn,xbmcuser,09-07-2018 10:28,https://thenextweb.com/hardfork/2018/07/06/australia-ibm-blockchain,1,0,2018
49,18423296,Show-HN: The Canadian Government Announced a $49.3M Investment into General Fusion,show_hn,fudged71,10-11-2018 20:24,http://generalfusion.com/2018/10/government-canada-sets-sights-transformative-carbon-free-energy-technology-british-columbia-strategic-innovation-fund/,2,0,2018
50,18846686,‚ÄòFlyover Tech‚Äô Is All the Rage at J.P. Morgan Healthcare Investment Conference,poll,jihadjihad,07-01-2019 16:39,https://observer.com/2019/01/flyover-tech-jp-morgan-healthcare-investment-conference/,1,0,2019
51,18866413,Show_HN: London is top European city for tech investment,show_hn,mikhailfranco,09-01-2019 17:05,https://www.telegraph.co.uk/technology/2019/01/09/london-leads-european-cities-top-destination-tech-investment/,13,7,2019
52,18985338,"Sequoia launches seed investment program in Southeast Asia, India",poll,williswee,24-01-2019 01:59,https://www.techinasia.com/sequoia-launches-seed-investment-program-southeast-asia-india,1,0,2019
53,19361816,Show HN: Unmind scores ¬£3M investment for its workplace user mental health platform,show_hn,cl42,11-03-2019 19:05,https://techcrunch.com/2019/03/11/unmind,1,0,2019
54,19989126,"Show HN: Tesla may need investment from company like Apple, experts say",show_hn,bdcravens,23-05-2019 06:42,https://www.businessinsider.com/tesla-may-need-investment-from-company-like-apple-experts-say-2019-5,1,1,2019
55,18546020,Decentralized snitching for regulated cannabis industry,poll,micksabox,27-11-2018 19:49,https://medium.com/sovilon-stories/innovative-incentives-in-the-cannabis-supply-chain-8607fdcdbb0b,1,0,2018
56,18570701,Solar Industry's Future Lies in Lightweight Technology üí™,poll,vaultcool,30-11-2018 17:32,https://www.scientificamerican.com/article/solar-industrys-future-lies-in-lightweight-technology/,46,25,2019
57,20074118,Ask_HN: EnTT C++ ECS and Reactive Systems ‚Äì Feedback Wanted,ask_hn,skypjack,02-06-2019 07:47,https://www.reddit.com/r/gamedev/comments/bvr3i7/they_call_me_reactive_system_feedback_wanted/,1,0,2018
58,19122966,Ask_HN: What real impact does AI/ML projects have at your work/industry?,ask_hn,vs2370,09-02-2019 16:09,,2,1,2019
59,18987985,Coming Soon to a Police Station Near You: The DNA ‚ÄòMagic Box‚Äô,story,SQL2219,24-01-2019 12:15,https://www.nytimes.com/2019/01/21/science/dna-crime-gene-technology.html,98,58,2019
60,19290191,New genetic genealogy services that test DNA from items from dead relatives,story,Osiris30,02-03-2019 17:50,https://www.theatlantic.com/article/583636/,2,0,2019
61,19774455,Project Dustbunny: Is Shakespeare‚Äôs DNA Hiding in the Folger Library‚Äôs Vault?,story,infodocket,28-04-2019 23:19,https://www.washingtonian.com/2019/04/25/shakespeare-dna-hiding-folger-library-vault-project-dustbunny/,1,0,2019
